Ivory Coast#Abidjan#
Korea#Dongguk University#Gyeongju#
México#Universidad Nacional Aut#
Sloveni#Ljubljana#
Afghanistan#
Algeria#Exxon Research and Engineering Company#Merck Institute for Therapeutic Research, Rahway#DZ#Central Research and Development Department#
America#Syracuse University#Michigan Technological University#Research Triangle Park#Exxon Research and Engineering Co.#St. Croix#The University of Georgia#Indiana#Louisiana#University of California, Los Angeles#Columbia#University of California, Irvine#Allied-Signal Inc#Appalachian State University#University of Idaho#Atlanta#University of South Florida#University of Pittsburgh#Flagstaff#University of Rochester#Alaska#GA#Newmexico#IBM ADSTAR#Marvland#Dartmouth Medical School#Laboratory of Molecular Biology#Schering Corporation#University of North Dakota#Wake Forest University#UCLA AIDS Center#Tokyo Institute of Technology#New York University#Newjersey#Denver#Roche Institute of Molecular Biology#U.S. Geological Survey#Maryland#Tulane University#University of Tennessee - Knoxville#Woods Hole, MA#Boston College#Arizona#Veterans Affairs Medical Center#The University of Texas at Dallas#Wayne State University#San Diego#Boise#Brandeis University#Vanderbilt University#Honolulu#Ottawa, Ontario#Georgia Institute of Technology#University of Nebraska - Lincoln#Brigham Young University#Greenbelt, MD#Hoffmann-La Roche, Inc.#University of New Hampshire#Wistar Institute for Anatomy and Biology#University of Rhode Island#Ohio#Rhode Island#Pasadena, CA#ME#MD#MA#Laboratory of Molecular Immunoregulation#MO#MN#MI#MT#MS#Morristown, NJ#Maine#Montana State University - Bozeman#Ortho Research Foundation#Kansas#Washington State University - Pullman#University of Alaska - Fairbanks#Lansing#Richmond#Providence#FL#California Institute of Technology#Columbus#Indianapolis#New Jersey Medical School#Williams College#Upton, NY#Inidiana#Pomona College#University of Medicine and Dentistry of New Jersey-New Jersey Medical School#Jet Propulsion Laboratory#Philadelphia, PA#Montreal#Rhodeisland#The University of Akron#'U.S. Army Cold Regions Research and Engineering Laboratory#Michigan State University#University of Cincinnati#Oak Ridge#SC#Nevada#SD#University of Kansas - Lawrence#Kansas State University#Annapolis# National Institutes of Health#Constitution Drive#Lowell Observatory#U.S#Northwestern University#Phoenix#LA#Central Research Department, E. I. du Pont de Nemours#Roswell Park Memorial Institute#Hartford#State Meteorological Committee#University of California, Riverside#Auburn University#Hanover#Nebraska#The Abramson Family Cancer Research Institute#Tallahassee#Tennessee#North Dakota State University#Grand Forks, ND#Mississippi#Brown University#Rutgers, The State University of New Jersey - Newark#Louisiana State University - Baton Rouge#Wyoming#Minnesota#Illinois#Newark#Texas#Howard Hughes Medical Institute#OklahomaCity#RL#Oklahoma#Texas A&M University - College Station#Newhampshire#National Center for Atmospheric Research#University of Pennsylvania#The University of New Mexico - Albuquerque#Augusta#SaltLakeCity#Topeka#Harvard-Smithsonian Center for Astrophysics#The Johns Hopkins University#Virginia Commonwealth University#Temple University#Virgin Islands#Pittsburg#Montpelier#Texas Tech University#St.Paul#North Carolina State University - Raleigh#University of Massachusetts Medical School#Yeshiva University#Frankfort#Calif. #State University of New York at Stony Brook#Colorado School of Mines#Pennsylvania State University - University Park#Socorro, NM#Michigan#National Oceanic and Atmospheric Administration#Georgetown University#Plant Biology Laboratory#Inadiana#IBM Research Division, Almaden Research Center#arizona#AT&T Bell Laboratorie#Tucson#Scripps Institution of Oceanography#Georgia State University#Buffalo#University of Chicago#Seattle#Gaithersburg, MD#University of Vermont#Boston#Howard Hughes Medical Institute #outh San Francisco#The University of Montana - Missoula#VT#'Laboratory of Infectious Diseases, National Institute of Allergy and Infectious Diseases#Raleigh#Ontario#Rockefeller University#Stanford University#Laboratory of Molecular Carcinogenesis#Durham, NH#Bethesda#University of California, Merced#Lanham, MD#University of California, Berkeley#College of Medicine and Dentistry of New Jersey#BatonRouge#E. L. Steele Laboratory#Deerfield#Materials Research Laboratory#Los Alamos National Laboratory#Clinical Research Intstituite of Montreal#Southcarolina#University of Southern California#Lincoln#NASA Langley Research Center#The George Washington University#Laboratory for Atmospheres, NASA/GSFC#Annandale, NJ#NASA Ames Research Center#Princeton Particle Accelerator#'Merck Sharp & Dohme Research Laboratories#University of Southern Mississippi#Northern Great Plains Research Center#Charleston#West Virginia University#University of Iowa#Colorado#Rutgers, The State University of New Jersey - New Brunswick#San Diego State University#Californiia Inistitlute of Technology#KS#New York#Kent State University#KY#Laboratory of Molecular Genetics#University of Dayton#Tucson, AZ#Grand Forks#DE#Boulder, CO#Scotts Valley#Carnegie Mellon University#Wilmington, DE#National Institute of Dental Research#Idaho#The University of Alabama at Birmingham#Mayo Medical School#Rensselaer Polytechnic Institute#Virginia#Monsanto Company#State University of New York at Buffalo#Peabody Museum of Natural History#U.C.L.A. School of Medicine#Florida State University#Jersey City#Cornell University#Hawaii#Kentucky#Virginia Polytechnic Institute and State University#Medical University of South Carolina#Boone#La Jolla#National Aeronautics and Space Administration#Iowa#Portland State University#George Mason University#Massachusetts Institute of Technology (MIT)#Trenton#University of Arkansas at Fayetteville#Chapel Hill#Harrisburg#Dartmouth College#Bell Telephone Laboratories#UCLA School of Medicine#WA#University of Medicine and Dentistry of New Jersey#University of Florida#Bethesda, MD #WI#WV#Mount Sinai School of Medicine#WY#Miami University#DesMoines#Rice University#Sacramento#Northcarolina#U. S. Army Cold Regions Research and Engineering Laboratory#Brookhaven National Laboratory#carolina#Department of Pathology, Dartmouth Medical School#University of Washington#D.C.#Northdakota#Montgomery#Olympia#University of Kentucky#Southern Methodist University#New Jersey#National Oceanic and Atmospheric Administration, Aeronomy Laboratory#Concord#Washington#CarsonCity#Andover#University of Michigan - Ann Arbor#Laboratory of Reproductive and Developmental Toxicology#Broadway, Boulder, CO'#University of Central Florida#University of Nebraska Medical Center#Pawtucket#Jackson#University of Colorado at Boulder#Oregon Health and Science University#Bell Telephone Laboratories, Inc#Cheyenne#Harvard University#Wisconsin#Helena#Hughes-STX Corporation#Jet propulsion Laboratory#Oregon#the National Institute of Standards and Technology#PA#Los Angeles#Bell Laboratorie#Chas. Pfizer & Co., Inc.#Palisades, NY#Florida#University of Wisconsin - Milwaukee#University of Missouri - Columbia#North Carolina#Quebec#california Institute of Technology#University of Houston#University of Maryland, Baltimore County#Delaware#Piscataway#North Carolina State#University of Massachusetts Amherst#Seton Hall College of Medicine#University of California, Santa Barbara#Universidad Catolica Andres Bello#Medical College of Wisconsin#University of California#California#The University of Texas Health Science Center at Houston#Washington University in St. Louis#Georgia#CO#North Dakota#San Jose, CA#Pennsylvania#CA#University of California, Santa Cruz#Philadelphia#Case Western Reserve University#Princeton University#CT#Merck Sharp & Dohme Research Laboratories#City University of New York City College#The Institute for Cancer Research, Fox Chase Cancer Center#State University of New York at Albany#Salem#Cleveland#University of Wyoming#Purdue University#Bismarck#University of Notre Dame#Hoffmann-La Roche Inc.#Pasadenia#University of Utah#University of California San Diego #The University of Texas M. D. Anderson Cancer Center#Newyork#Nashville#University of Oregon#New Hampshire#University of Delaware#VA#Vermont#Rutgers University#Corvallis#Arizona State University - Tempe#University of california#Duke University#IL#Tufts University#IN#IA#Environmental Research Laboratory#ID#Houston#Genentech, Inc.#Pierre#Nw York #Buffalo, N. Y#Los Alamos #University of Maryland, College Park#Albany#Oak Ridge National Laboratory#Woods Hole#National Institutes of Health#Menlo Park, CA#Piscataway Township, NJ#Center for Nanoscale Science and Technology#Connecticut#University of Illinois at Urbana-Champaign#Littlerock#Berkeley#Laboratory of Tumor Cell Biology, National Cancer Institute#Purdue University - West Lafayette#East Orange#University of South Carolina - Columbia#University of North Texas#Department of Microbiology, UCLA#Verna and Marrs McLean Department of Biochemistry and Molecular Biology#Cold Spring Harbor Laboratory#Missouri#Merck Institute for Therapeutic Research-Merck Sharp & Dohme Research Laboratories#Lamont-Doherty Geological Observatory#The University of Texas at Austin#OK#University of Medicine and Dentistry New Jersey#OH#Boston University#Bloomfield#Emory University#US National Institutes of Health#Chemistry and Life Sciences Laboratory#OR#Oregon State University#Jet Propulsion Laboratory'#E. I. Du Pont de Nemours and Company#The University of Texas Health Science Center at San Antonio#Gainesville#Indiana University Bloomington#HI#JeffersonCity#Containerless Research Incorporated#Drexel University#State University of New York Health Science Center at Brooklyn#Harvard-MIT Division of Health Sciences and Technology#Gladstone Institute of Virology and Immunology#Montana#Massachusetts#University of Illinois at Chicago#Southdakota# Orego#Argonne National Laboratory#Bellcore, Red Bank#Los Alamos#University of Hawaii at Manoa#Madison#University of Maryland, Baltimore#Iowa State University#UT#Johns Hopkins University#US#SantaFe#University of North Carolina#National Institute of Neurological Disorders and Stroke#Corporate Research Laboratories#Scotland#Arkansas#National Institute of Environmental Health Sciences#Lehigh University#Massachutsetts#Alabama#NH#Indiana University-Purdue University at Indianapolis#NJ#ontario#NM#University of California, San Francisco#NC#ND#NE#W. K. Kellogg Biological Station#NY#Westvirginia#National Research Council#NV#University of Miami#The University of Connecticut - Storrs#New Jersey College of Medicine#University of Virginia#Woods Hole Oceanographic Institution#Austin#University of Minnesota, Twin Cities#University of Wisconsin - Madison#Reston, VA#Thomas E. Starzl Transplantation Institute#University of Pennsylvania #Clemson University#Yale University#Northeastern University#National Radio Astronomy Observatory#Columbia University#Utah State University#University of Arizona#Boulder#Argonne#USA#Baylor College of Medicine#Santa MonicaTucson#Research Institute of Scripps Clinic# Merck Sharp & Dohme Research Laboratories#National Institute of Standards and Technology#Springfield#University of Colorado at Denver#TX#Albert Einstein College of Medicine#Princeton#Utah#TN#The University of Texas Medical Branch at Galveston#University of California, Davis#IBM Research Division, T. J. Watson Research Center, Yorktown Heights#Mississippi State University#Thomas Jefferson University#Omaha#University of Oklahoma - Norman#Colorado State University#AK#Wilmington#AL#The Ohio State University - Columbus#AR#College of the Virgin Islands#State University of New Jersey#AZ#Baltimore#Dover#Molecular Physics Laboratory#Juneau#CIBA Pharmaceutical Company#The University of Texas Southwestern Medical Center at Dallas#
American Samoa#AS#
Andorra#
Angola#
Anguilla#
Antarctica#
Antigua and BarbudaAntigua and Barbuda#AG#
Argentina#University of Buenos Aires#La Plata#Universidad Nacional de La Plata#
Armenia#Boyce Thompson Institute for Plant Research#Rochester#Flushing#Chicago#Yonkers#Mineola#Cold Spring Harbor#Westinghouse Electric Corporation#Walter B. James Laboratory for Biophysics#Brooklyn#AM#General Electric Research Laboratory#N.Y.#National Dairy Products Corporation#Staten Island#Booth Memorial Hospital#Schenectady#Long Island#Elmira#General Electric Co.#Queens College#Cold Spring Harbor Laboratory#
Aruba#
Australia#University of Newcastle#University of Technology, Sydney#James Cook University#Deakin University#Naturhistorisches Museum Wien#Griffith University#The University of Western Australia#Swinburne University of Technology#Curtin University of Technology#Victori#The University of Adelaide#Macquarie University#The Australian National University#Bureau of Mineral Resources, Geology and Geophysics#La Trobe University#University of Queensland#The University of Queensland#Flinders University#Commonwealth Scientific and Industrial Research Organization#CSIRO Division of Entomology#Queensland#University of Adelaide#Tasmania#Vienna#nternational Institute for Applied Systems Analysis#Monash University#Royal Melbourne Institute of Technology#University of Wollongong#Melbourne#Hobart#Baas Becking Geobiological Laboratory#University of New South Wales#AU#CSIRO Division of Plant Industry#CSIRO#Mount Stromlo#St. Vincent''s School of Medical Research#C.S.I.R.O.#Canberra#C.S.I.R.O. Division of Wildlife Research#Brisbane#University of Tasmania#Queensland University of Technology#Murdoch University#University of Melbourne#Chippendale, N.S.W#University of Sydney#Adelaide#Griffith#New South Wales#Prince Henry''s Institute of Medical Research#Brisbane#University of Queensland#
Austria#Vienna University of Technology#Johannes Kepler Universität#University of Vienna#Wien#Medical University of Graz#Oberndorf#Universität Wien#General Hospital Oberndorf#Kundl#Medical University#Linz#Innsbruck Medical University#Innsbruck#Leoben#University of Music and Performing Arts#University of Innsbruck#Landeskrankenhaus Feldkirch#Graz#Salzburg#Feldkirch#Paracelsus Medical University Salzburg#Klosterneuburg#AT#University of Graz#Austri#Leopold-Franzens-Universität Innsbruck#Institut für Ionenphysik und Angewandte Physik#Medical University Graz#University for Agricultural Sciences, Vienna#Institute of Science and Technology#Medical University of Innsbruck#Research Institute for Symbolic Computation#Hospital Oberndorf#Graz University of Technology#Johannes Kepler University Linz#University of Leoben#Medical University of Vienna#
Azerbaijan#
Bahamas#
Bahrain#
Bangladesh#
Barbados#
Belarus#
Belgique#Seton Hall College of Medicine#National Institute of Standards and Technology#Developmental Neurobiology, Universit\xc3\xa9 Catholique de Louvain#
Belgium#University of Liege#Ghent University#University Libre Bruxelles#Catholic University of Louvain#University of Antwerp#Catholic University of Leuven#Brussels#
Belize#
Benin#
Bermuda#
Bhutan#
Bolivia#
Bosnia and Herzegovina#
Botswana#BW#
Bouvet Island#BV#
Brasil#Natal RN#
Brazil#Universidade de Bras#Federal University of Rio de Janeiro#Federal University of Minas Gerais#Federal University of Rio Grande do Sul#State University of Campinas#Federal University of Pernambuco#BR#Sao Paulo State University#University of Sao Paulo#
British Indian Ocean Territory#IO#
Brunei
Bulgaria#Bulgarian Academy of Sciences#Sofia#
Burkina Faso#BF#
Burma#
Burundi#BI#
Cambodia#KH#
Cameroon#CM#
Cameroun#
Canada#Toronto#Livermore#Ontario#University of Waterloo#McMaster University#University of Saskatchewan#Concordia University#Pasadena#Dalhousie University#Connaught Medical Research Laboratories#Calgary#Harry Road, San Jose#Western University#Molecular Biology and Cell Biology, Genentech, Inc.#Moss Landing#University of Ottawa#University of Alberta#York University#Saskatchewan#Almaden Research Center#University of Sherbrooke#Albert Einstein College of Medicine#Montreal#Jet Propulsion Laboratory#Lawrence Livermore National LaboratoryGeological Survey#Quebec#The University of Calgary#University of Regina#Ontario Cancer Institute#Moss Landing Marine Laboratories#Menlo Park#CA#Ottawa#U.S. #University of British Columbia#Carleton University#University of Manitoba#Nova Scotia#Queen's University#University of Montreal#University of Guelph# Hospital for Sick Children, Toronto#New Brunswick#Laval University#McGill University#Simon Fraser University#University of Victoria#University of Toronto#University of Quebec#Winnipeg#The University of Western Ontario#South San Francisco#Catalytica, Inc.#Manitoba Museum of Man and Nature#
Cape Verde#CV#
Cayman Islands#
Central Africa Republic#CF#
Chad#TD#
Chech#Praha#
Chile#Catholic University of Chile#University of Chile#CL#
China#Zhengzhou#Institute of Basic Medical Sciences#ShanghaiTech University#Joinn Laboratory#Xian Jiao Tong University#Linyi#Beijing Institute of Respiratory Medicine#Chinese Academy of Agricultural Sciences#State Oceanic Administration#Beijing Chao-Yang Hospital#Fudan University#Capital Medical University#Shanghai Jiaotong University School of Medicine#Beijing Genomics Institute-Shenzhen#Northwest University#Donghua University#Xia Men University#Wuhan#Guizhou University#Beijing Genome Institute#Yangling#Soochow University#Shenzhen #HeFei University of Technology#Lanzhou University#Zhejiang Medical University#National Institute for Communicable Disease Control and Prevention#Novel Bioinformatics Company#Shanghai Research Center for Model Organisms#Shanghai Jiao-Tong University School of Medicine#Linyi University#Anhui University#National Central University#Shandong University#Shijiazhuang, Hebei#Harbin Engineering University# Fourth Military Medical University#First Affiliated Hospital of Harbin Medical University#Shanxi University#The Hong Kong Polytechnic University#National Taiwan University of Science & Technology#Tangshan#Tibet Autonomous Region#Beijing Institute of Microbiology and Epidemiology#Shanghai Genomics, Inc.#National Chung Cheng University#Harbin#Capital Medical University School of Basic Medicine#Providence University#JoeKai, Inc.#Tongji University#Tunghai University# Henan Agricultural University#Gansu Agricultural University#Northwest Agriculture and Forestry University#Nanjing Medical University#Shenyang#Ningbo University#Guang Dong Medical College#The Hong Kong University of Science and Technology#Peking University#Langfang#Shanghai Institute of Biological Sciences#Southeast University# Capital Normal University#East China University of Science and Technology#Henan Agricultural University#Chang Gung University# Capital University of Medical Sciences#Taiw#Beihang University# Hefei#Wenzhou Medical College# Shandong#Shanghai Diabetes Institute, Shanghai Key Laboratory of Diabetes Mellitus#College of Pharmaceutical Sciences#The Chinese University of Hong Kong#Jiangsu Institute of Parasitic Diseases#Nankai University#Jiangsu# Central-South University#Shanghai Jiaotong University#Chinese Academy of Inspection and Quarantine#Guangzhou#Jiangnan University#China University of Political Science and Law#Zhejiang#Nanjing Agricultural University#Henan Academy of Agricultural and Forestry Science#National Taiwan University#National Chiao Tung University#Beijing University of Posts and Telecommunications#National Taipei University of Technology#Xinjiang#Sichuan University#Xiamen#Chinese National Genome Center#Shanghai First People''s Hospital#City University of Hong Kong#Sun Yat-Sen University#The Second Military Medical University#Feng Chia University#Shanghai Jiao Tong University#Hangzhou#Shanghai Institute of Materia Medica, Chinese Academy of Science#Huazhong Agriculture University#Wuxi#Taiyuan#Soochow#Chinese Culture University#Xinjiang Center for Disease Control and Prevention#Harbin Medical University#Fujian#Shanghai E-Institute for Model Organisms#Guangxi#Hong Kong Baptist University#Ocean University of China#Tianjin Medical University#South China University of Technology#Wuhan University of Technology#National Cheng Kung University#Langfang Normal University#Fu Jen Catholic University#Beijing Jiaotong University#Xijing Hospital#National Sun Yat-Sen University#Guangdong#Chinese Academy of Social Science#Ningbo#Beijing Forestry University#Liaoning Province Institute of Archaeology#Xinjiang Normal University#Shantou University#Nei Mongol#The University of Hong Kong#Hebei University#Zhejiang Chinese Medical University#Tsinghua University# Soochow University#Huazhong University of Science and Technology#Fujian Agriculture and Forestry University#National Yang Ming University#Guangxi Animal Centers for Disease Control#Dalian University of Technology#Lanzhou#National Yunlin University of Science and Technology#Chinese Academy of Science#Jiangsu University Affiliated Hospital# Beijing 306 Hospital#Peking Union Medical College#Beijing Normal University#Yunnan#National Engineering Center for Biochip at Shanghai#Nanjing Normal University#Yunnan Institute of Cultural Relics and Archaeology#Kunming#Zhangjiang Hi-Tech Park#Shanghai University of Traditional Chinese Medicine#Capital Medical University School of Stomatology#Tibet Academy of Social Sciences#Sichuan Academy of Medical Sciences and Sichuan Provincial People''s Hospital#Tsingua University#Nanjing University#Chang'An University#Ningbo Addiction Research and Treatment Center#Shandong Tianyu Museum of Nature#Beijing Institute of Biotechnology#CN#Zhejiang Academy of Agricultural Sciences#Macau University of Science and Technology#National Tsing Hua University#Tianjin University# Agricultural University of Hebei#Linhe#Jilin Agricultural University#Zhejiang University#Hunan University#Guiyang#Chung Yuan Christian University#University of Macau#Weifang Medical University#Xi’an#Wuhan University#Shanghai Jiaotong University Affiliated Sixth People’s Hospital#Hebei United University#Guangxi University#Xinqiao Hospital#Zhejiang Sci-Tech University#Sun Yat-sen University#Yuan Ze University#National Changhua University of Education#National Institute of Biological Sciences#Chinese Research Academy of Environmental Sciences#University of Shanghai for Science and Technology#Northwest A&F University#National Taiwan Normal University#Jiaotong University#China Medical University#Pingyi#University of Science and Technology of China#Shenyang Normal University#Chinese Academy of Social Sciences#Tianjin#Northeast Forestry University#Shanghai#Hunan Normal University# Institute of Health and Environmental Medicine#Taipei Medical University#Hangzhou Normal University#National Laboratory of Experimental Hematology#Xidian University#Tamkang University#Central University of Finance and Economics#Shaanxi Province# Xian Jiaotong University#Beijing Institute of Technology#China Agricultural University#Yunnan Institute for Epidemic Diseases Control and Research#Rui-Jin Hospital affiliated to Shanghai Jiao-Tong University School of Medicine#Beijing Genomics Institute#Wenzhou#Yangzhou University#Changchun#Xiamen University#National Kaohsiung First University of Science and Technology#Chinese National Human Genome Center at Shanghai#Zhongguancun Life Science Park#Shanghai Normal University#National Institute of Biological Science#Jilin University#Military Center for Disease Control and Prevention#Nanning#Qingdao#Chongqing#Chinese Academy of Sciences#National Key Facilities for Crop Genetic Resources and Improvement#Chinese Academy of Agricultural Science#Shanghai Veterinary Research Institute#First Hospital affiliated with Suzhou University School of Medicine#Beijing University of Technology#Yangzhou#Second Military Medical University#Shanghai Center for Bioinformation Technology#Hefei National Laboratory for Physical Sciences#Luzhou Medical College#Northeast Normal University#Jinan University#Key Laboratory of Risk Assessment and Control for Environment and Food Safety#Harbin Institute of Technology#Kaohsiung Medical University#National Taiwan Ocean University#Renmin University of China#Dalian#Weifang#Chengdu#Changsha#National Chung Hsing University#National Taipei University#Fourth Military Medical University#Hebei Veyong Bio-Chemical Co., Ltd.#Central South University#Nanjing#National Institute of Earth Sciences# Nanjing Institute of Geology and Palaeontology#Shanghai JiaoTong University School of Medicine#Shaanxi Normal University#Capital Normal University#Lingnan University#
Christmas Island#
Cocas Islands#
Colombia#National University of Colombia#Universidad de los Andes#Bogotá#
Comoros#
Congo#
Congo the democratic republic of the#
Cook Islands#
Costa Rica#
Cote divide#
Croatia#HR#
Cuba#CU#
Cyprus#CY#
Czech Republic#Charles University in Prague#Masaryk University#Prague#Palacky University#CZ#Czechoslovak Academy of Sciences#Czech Technical University in Prague#
Czechoslovakia##
Denmark#Aarhus University#Technical University of Denmark#DK#University of Southern Denmark#University of Copenhagen#
Djibouti#DJ#
Dominica#DM#
Dominican Republic#DO#
East Timor#TP#
Ecuador#EC#
Egypt#Ethiopia#EG#Cairo University#Alexandria University#
El Salvador#SV#
Equatorial Guinea#GQ#
Eritrea#ER#
Estonia#EE#
Ethiopia#Addis Ababa#
Falkland Islands#FK#
Faroe Islands#FO#
Fiji#FJ#
Finland#University of Turku#Helsinki#University of Helsinki#University of Eastern Finland#Aalto University#FI#University of Oulu#University of Jyvaskyla#
France#FR# Paris#University of Bordeaux#Paris#University of Strasbourg#Bondy#Joseph Fourier University (Grenoble 1)#Ecole National Superieure Mines - Paris#'Laboratoire de Retrovirologie Moleculaire, Institut Pasteur#Ecole Polytechnique#University of Paris Descartes (Paris 5)#University of Nice Sophia Antipolis#Pierre and Marie Curie University - Paris 6#University of Paris Sud (Paris 11)#Ecole Normale Superieure - Lyon#Aix Marseille University#University of Paris Dauphine (Paris 9)#Paul Sabatier University (Toulouse 3)#HEC Paris#Industrial Physics and Chemistry Higher Educational Institution - Paris#University of Montpellier 2#University of Paris Diderot (Paris 7)#University of Lorraine#Ecole Normale Superieure - Paris#University of Rennes 1#Claude Bernard University Lyon 1#University of Montpellier 1#
French Guiana#GF#
French Polynesia#PF#
French Southern Territories#TF#
Gabon#
Gambia#GM#
Georgia#GE#
German#Heidelberg#
Germany#University of Muenster#University of Tuebingen#Technical University Munich#Technical University Darmstadt#University of Leipzig#University of Halle-Wittenberg#University of Giessen#Speyer (Rhein)#University of Regensburg#Karlsruhe Institute of Technology (KIT)#University of Kiel#Universität München#University of Bremen#Heidelberger Akademie der Wissenschaften#University of Stuttgart#Helgoland#University of Marburg#Kaiserslautern University of Technology#University of Hannover#University of Goettingen#University of Heidelberg#Darmstadt#U. S. Army Cold Regions Research and Engineering Laboratory#Landwirtschaftliche Untersuchungsund Forschungsanstalt#Hanover#University of Bonn#University of Rostock#University of Magdeburg#University of Hamburg#University of Bayreuth#University of Bielefeld#University of Mainz#RWTH Aachen University#Dresden University of Technology#Free University of Berlin#University of Jena#University of Bochum#Hannover Medical School#Technical University of Berlin#University of Munich#University of Frankfurt#University of Erlangen-Nuremberg#University of Duesseldorf#University of Duisburg-Essen#Technical University of Braunschweig#University of Ulm#University of Koeln#University of Wuerzburg#University of Konstanz#
Ghana#Achimota#Gold Coast#Accra#GH#
Gibraltar#GI#
Greece#Aristotle University of Thessaloniki#GR#National and Kapodistrian University of Athens#
Greenland#GL#
Gremany#Johannes Gutenberg University#Johannes Gutenberg-University Mainz#Mainz#
Grenada#GD#
Guadeloupe#GP#
Guam#GU#
Guatemala#GT#
Guinea#GN#
Guinea Bissau#GW#
Guyana#GY#
Haiti#HT#
Heard Islands and McDonald Islands#HM#
Holland#Vondellaan#Eindhoven#Wageningen#St. Elisabeth''s Hospital#Utrecht#State University of Utrecht#
Honduras#HN#
Hong Kong#CN#
Hungary#University of Pecs#Hungarian University for Technical Sciences#Szeged#HU#Budapest Medical University#Hollinwood#Widnes#University of Budapest#Eotvos Lorand University#Central European University#Ashton-under-Lyne#Culcheth#Lancs#Portsmouth Polytechnic#Salford#Budapest#Semmelweis Univ.#Hungarian Academy of Sciences#University of Szeged#Grange-over-Sands#Bispham#Ormskirk#University of Debrecen#Portsmouth#Hungarian National Museum#Aberdeen#Rottenbiller-u#
Iceland#ISUniversity of Iceland#Reykjavik#Reykjavik Energy#
India#Colaba Observatory#Haryana#Bombai#National Brain Research Centre#Haffkine Institute#Matunga#Indian Institute of Technology Kharagpur#Naval Dockyard#Bhabha Atomic Research Centre#Waltair#Osmania University#Topiwala National Medical College#Trombay#Bangalore#Srinagar#Pune#Tata Memorial Centre#Wilson College#Byculla#Grant Medical College#Indian Institute of Science#University of Mysore#University of Bombay#Manesar#Calcutta#Indian Institute of Technology Bombay#Colaba#Hyderabad#Madurai#St. Xavier''s College#Tata Institute of Fundamental Research#Indian Institute of Technology Madras#Atomic Energy Establishment Trombay#Tata Memorial Hospital#Tata Institute#Madurai Kamaraj University#Bombay#
Indonesia#
Iran#Isfahan University of Technology#IR#University of Tehran#
Iraq#IQ#
Ireland#Dublin#University College Dublin#IE#Trinity College Dublin#
Israel#The Hebrew University of Jerusalem#Bar-Ilan University#Weizmann Institute of Science#Tel Aviv University#Technion-Israel Institute of Technology#Isreal#Ben-Gurion University of the Negev#
Italia#Roma#
Italy#University of Trento#International School for Advanced Studies#Universita di Pavia a Varese#University of Turin#Pavia#Scuola Normale Superiore - Pisa#University of Genova#University of Calabria#University of Naples Federico II#University of Camerino#University of Florence#Sant'Anna School of Advanced Studies of Pisa#Polytechnic University of Turin#University of Bocconi#University of Perugia#University of Pavia#Camerino#IT#European University Institute#Catholic University of the Sacred Heart#Rome#University of Milan#University of Roma - Tor Vergata#University of Trieste#University of Padua#University of Ferrara#Polytechnic Institute of Milan#University of Messina#Roma Tre University#University of Bologna#University of Alberta#University of Roma - La Sapienza#University of Palermo#University of Pisa#University of Milan - Bicocca#Universite di Palermo#
Ivory Coast#Abidjan#
Jamaica#
Japan##Wakayama Medical University School of Medicine#JP#Jap#Laboratory for Cell Lineage Modulation#Aichi#Ono Pharmaceutical Co., Ltd.#Kinki University School of Medicine#Nagasaki University#AminoScience Laboratories#Suita#Yokohama National University#National Institute of Advanced Industrial Science and TechnologyNational Institute of Agrobiological Sciences#Kirin Brewery Pharmaceutical Research Laboratory#Izumo#Open Laboratories for Advanced Bioscience and Biotechnology#Nara Institute of Science and Technology#Yamagata University#University of Tokushima#Institute of Physical and Chemical Research#Tokai University#Nagaizumi#The University of Tokyo#Tottori University#Nagaoka University of Technology#Yamaguchi University#Hitotsubashi University# Wakayama#Kinki University#Kochi University#Chugushi#Osaka#Aichi Medical University School of Medicine#Keio University#Odawara Research Center#Aichi Medical University#The Tazuke Kofukai Medical Research Institute#Chiba University#Tokushima#Shimane#JT Biohistory Research Hall#Tohoku University#Science University of Tokyo#Research Institute for Biological Sciences Okayama#Okinawa Institute of Science and Technology Graduate University# Harima Institute#Gunma University#Osaka Bioscience Institute#Kurume University#Tokyo Medical and Dental University#Toon#TOYOTA Physical and Chemical Research Institute#Meiji University#Kyushu University#RIKEN Center for Developmental Biology#Gunma#Laboratory of Genomics and Proteomics#Ishikawa#Okazaki#Nagakute#Osaka Prefectural Institute of Public Health#University of Aizu#National Institutes of Natural Sciences#Nagoya University#Chuo University#NTT Communication Science Laboratories#Utsunomiya University#World Premier International Immunology Frontier Research Center#Kitano Hospital#Osaka University#Shizuoka#Tokyo Metropolitan University#Genetic Strains Research Center#Hiroshima University#Dokkyo Medical University#Okayama University#RIKEN Genomic Sciences Center#Yokohama City University#Yamaguchi#Osaka Medical College#National Institute of Genetics#National Hospital Organization Yamaguchi-Ube Medical Center#Showa University#Saitama University#Hirosaki University#RIKEN Research Center for Allergy and Immunology#Ishikawa Prefectural University#Doshisha University#Osaka Medical Center for Cancer#National Research Institute of Fisheries Science#AomoriKyoto#Hyogo#Kansai Medical University#Nagasaki International University#Kagawa University#Laboratory of Developmental Engineering#Kyushu Institute of Technology#Fukui University#Tohoku Institute of Technology#Kobe University#Oita# School of Life Science#Sendai#Kazusa DNA Research Institute#Otsuka Pharmaceutical Co. Ltd.#Kyoto Sangyo University#Research Institute of Genome-Based Biofactory#Fukui Prefectural University#Nikko Station# Aichi Gakuin University School of Health Science#Miyahara-chou#University of Tsukuba#Waseda University#Yoshida#National Institute of Biomedical Innovation#Kobe#NTT Corporation#Graduate University for Advanced Studies#Shinshu University#Toyohashi University of Technology#Tsukuba#Kagawa#Drug Discovery Research #Tochigi#Niigata University#University of Miyazaki#Kanazawa University#Plant Genetics Laboratory#Tokushima University#National Institute for Basic Biology#University of Toyama#Laboratory for Developmental Genetics#The Third Section of Clinical Investigation, Kinki Blood Center#Osaka Prefecture University#Osaka City University#Meiji University International Institute for Bio-Resource Research#Toyama Medical and Pharmaceutical University# National Institute for Longevity Sciences#St. Marianna University School of Medicine#Kyoto University#Nagaoka#National Center for Geriatrics and Gerontology#Oita University#Eiheiji-cho#Higashinari-ku#Toyama# Tottori#Shimane University#Hokkaido University#Yazako#Chubu University#National Institute of Crop Science#Fukui#Ibaraki#Suntory Institute for Bioorganic Research#Wakayama Medical University#Ehime University Proteo-Medicine Research Center#Plant Molecular Technology Research Group#Yokohama#The University of Tokushima#Sapporo#Okazaki Institute for Integrative Bioscience#Kanagawa#Tochigi#Kumamoto#Hirosaki University#Chiba#Hiroshima#Ehime University#Nara#Kagoshima University#Shiga#Hamamatsu University School of Medicine#Hyogo#Iwate#Toon#Kyoto#Shizuoka University#Okinawa#Mito#Gunma#Nishinomiya#Mie#Kanazawa#Wako#Dokkyo Medical University#Fukuoka#Fukushima Medical University#Jichi Medical University#Misima#Gifu#Ibaraki University#Nagano#Nishihara#Nagoya#Kitakyushu#Morioka#Kobe City General Hospital#Nara Medical University#Kitasato University School of Medicine#Niigata#Mishima#Saga University#Akita Prefectural University#Saitama#Sanda#Saga#University of the Ryukyus#Shizuoka#Sapporo#Akita#Aomori#Yokohama#Ibaragi#Fukushima#Yokohama City University#Kagoshima#Hokkaido#Graduate University for Advanced Studies#Tokyo#
Jord#
Jordan#
Kazakhstan#Akmolinsk Oblast#Kokshetau University#
Kazaks tan#
Kenya#Eldoret#KE#Economics and Public Health Group;International Livestock Research Institute#Moi University School of Medicine#International Fund for Agricultural Development#World Agroforestry Centre#International Livestock Research Institute#Nairobi#
Kiribati#
Korea#Korea University#Catholic University of Korea#Dongguk University International Hospital#Seoul National University#Gyeonggi-do#Dongguk University#Kyung Hee University#Yonsei University#Kyungpook National University#Hanyang University#Gyeongju#Korea Advanced Institute of Science and Technology#
Korea Democratic Peoples Republic of#KP#
Korean#Kookmin University#Institute for Basic Science#Oryong-dong, Buk-gu, Gwangju#Jeonju#Ewha Woman’s University#Gyeongsang National University#Jinju #Gachon University of Medicine and Science#Dong-A University#Suwon #Chungnam National University School of Medicine#Seoul#University of Ulsan College of Medicine#Gachon University#Daejeon#University of Seoul#Sogang University#Soongsil University#Institute for Basic Science, Yusung-gu, Daejeon#Pusan National University#Busan #Yusung-gu, Daejeon# National Academy of Agricultural Science, Rural Development Administration#National Cancer Center#Kunsan National University#Institute for Cellular and Molecular Biology#University of Ulsan#Chungnam National University# Gwangju Institute of Science and Technology#Incheon#Yangsan#Chonnam National University Medical School#Goyang, Gyeonggi#Konkuk University#Gwangju Institute of Science and Technology#International Vaccine Institute#
Kuwait#
Kyrgyzstan#
Lao#
Latvia#
Lebanon#
Lesotho#
Liberia#
Libya#
Liechtenstein#
Lithuania#
Luxembourg#
Macedonia#
Madagascar#
Malawi#
Malaysia#University of Malaya#Kuala Lumpur#MY#Penang#
MalaysiaMali#
Maldives#
Mali#
Malta#
Marshall Islands#
Martinique#
Mauritania#
Mauritius#
Mayotte#
Mexico#México City, DF#National Polytechnic Institute#National Autonomous University of Mexico#Metropolitan Autonomous University#México#Monterrey Institute of Technology and Higher Education#University of Guadalajara#MX#
Micronesia#
Moldova#
Monaco#
Mongolia#
Montserrat#
Morocco#
Moscow#Vernadsky Institute, U.S.S.R. Academy of Sciences#
Moscow #Institute of Molecular Genetics, U.S.S.R. Academy of Sciences#
Mozambique#
Myanmar#
Namibia#Walvis Bay#
Nauru#
Nepal#
Netherlands#University of Amsterdam#University of Twente#NL#Delft University of Technology#University of Wageningen#Eindhoven University of Technology#Leiden University#University of Groningen#University of Maastricht#Tilburg University#Utrecht University#Erasmus University#VU University Amsterdam#Radboud University Nijmegen#
Netherlands Antilles#
New Caledonia#
New Zealand#University of Otago#Massey University#Malaghan Institute of Medical Research#Auckland#Victoria University of Wellington#Wellington#Department of Conservation#The University of Auckland#University of Auckland#NZ#University of Canterbury#
Nicaragua#
Niger#
Nigeria#
Niue#
Norfolk Island#
Northern Marianas Islands#
Norway#University of Tromso#University of Oslo#NO#University of Bergen#Norwegian University of Science and Technology#Norwegian School of Economics and Business Administration#
Oman#
Pakistan#
Palau#
Palestine#Hebrew University#
Panama#
Papua New Guinea#
Paraguay#
Peru#Universidad Nacional Mayor de San Marcos#Perú#Lima#
Philippines#PH#Manila#
Pitcairn#
Poiand#Warsaw#
Poland#Wrocaw#Adam Mickiewicz University#Jagiellonian University#University of Gdansk#Institute of Low Temperature and Structure Research#Silesian University#University of Warsaw#PL#
Portugal#University of Aveiro#PT#University of Coimbra#Catholic University of Portugal#University of Lisbon#Technical University of Lisbon#University of Porto#
Puerto Rico#PR#
Qatar#QA#
Republic of Ghana#Kumasi#
Republic of Ireland#Limerick#
Reunion#
Romania#RO#Babeș-Bolyai University#
Rumania#Bucharest#
Russia#Moscow Institute of Physics and Technology#RU#Ural State University#Saint Petersburg State University#Moscow#Novosibirsk State University#Moscow State University#Novosibirsk#Voronezh State University#Academy of Sciences of the U.S.S.R.#Kazan State University#
Russian Federation#Central Scientific Research Institute of Geodesy#Moscow#Central Research Institute of Geodesy, Aerosurvey, and Cartography#
Rwanda#RW#
Saint Helena#SH#
Saint Kitts and Nevis#KN#
Saint Lucia#LC#
Saint Pierre and Miquelon#PM#
Saint Vincent and Grenadines#VC#
Samoa#WS#
San Marino#SM#
Sao Tome and Principe#ST#
Saudi Arabia#Center for Plant Stress Genomics and Technology#King Fahd University of Petroleum & Minerals#King Abdulaziz University#King Saud University#Thuwal#
Scotland#Lamont-Doherty Earth Observatory#Metabolism and Radiation Research Laboratory#University of Glasgow#Glasgow#Hoffmann-LaRoche, Inc.#
Senegal#Republic of Senegal#SN#
Serbia#University of Belgrade#
Seychelles#
Sierra Leone#SL#
Singapore#National University of Singapore#SG#
Slovakia#Comenius University#
Sloveni#Ljubljana#
Slovenia#Ljubljana#SI#
Solomon Islands#SB#
Somalia#SO#
South Africa#University of Pretoria#Transvaal Museum#Craighall#ZA#S. Africa#University of Cape Town#Johannesburg#Stellenbosch University#University of the Witwatersrand#University of KwaZulu-Natal#Onderstepoort#Pretoria#
South Korea#Chung-Ang University#Sungkyunkwan University#Chonbuk Natl University#Pohang University of Science and Technology#Gyeongsang Natl University#
South Korean#Gyeongsang National University#Ulsan National Institute of Science and Technology (UNIST)#Graduate School of Gyeongsang National University#Ulsan National Institute of Science and Technology#
Spain#Universitat de les Illes Balears–Consejo Superior de Investigaciones Científicas#Esporles, Illes Balears#Servicio de Salud de Castilla-La Mancha#University La Laguna#Hospital Universitario Canarias#Toledo#Valencia#Tenerife #
Spain#Vall d''Hebron Institute of Oncology#Santander#Miguel Hernandez University of Elche#Programa de Genética del Cáncer#Universidad de Salamanca#Charles III University of Madrid#Zaragoza#University of Santiago Compostela#Universidad de Oviedo#Centro Nacional de Investigaciones Oncológicas#University of Alicante#Ramón y Cajal University Hospital#University of Cantabria#Donostia-San Sebastian#Santiago de Compostela#Navarra#University of Oviedo#Institut de Biologia Evolutiva#Albacete#Burgos#Polytechnic University of Catalonia#Autonomous University of Barcelona#Bellaterra#University of Valencia#Sevilla#Seville#Campus Universitario de Espinardo#Universitat Pompeu Fabra (UPF)#Pontevedra#Santa Cruz de Tenerife#Vall d''Hebron University Hospital#Complutense University#Universidad de La Laguna#University of Granada#University of Sevilla#University of La Laguna#Universidad de Alcalá#University of Alcala#Universidad de Córdoba#University of the Balearic Islands#Pamplona#Majadahonda#University of Zaragoza#San Sebastián#University of Navarra#ES#Oviedo#Universitat Pompeu Fabra#University of Barcelona#Universitat Autònoma de Barcelona#Cantoblanco#Sant Joan d’Alacant#Madrid#Alicante#Córdoba#University of Pompeu Fabra#Granada#Complutense University of Madrid#CSIC/Universidad Autónoma de Madrid (UAM)#Salamanca#Institut Municipal d’Assistencia Sanitaria#Polytechnic University of Valencia#Catalonia#University of Salamanca#University of Vigo#Parque Tecnológico de Bizkaia#Universidad de Castilla-La Mancha#Josep Samitier#Algarrobo-Costa#Universidad del Pais Vasco#Universidad de Vigo#Nafarroa#Consejo Superior de Investigaciones Cientificas#Universidad de Ovied#University of the Basque Country#Universidad Complutense de Madrid#Barcelona Science Park#Universitario de Oncología#Starlab Barcelona SL#Universidad de Zaragoza#University of Malaga#Universitat Ramon Llull#Universidad de Alcalá de Henares#Derio#Tarragona#Universidad Pablo de Olavide#Universidad San Pablo CEU#Universitat Rovira i Virgili#Murcia#Barcelona#Universidad de Alcala#Bilbao#University of Cordoba#Universidad de Alicante#Donostia#Jordi Girona#Autonomous University of Madrid#CSIC-Universidad Politécnica de Valencia#Apartado#Armilla-Granada#
Sri Lanka#LK#
Sudan#
Suland#University College of Khartoum#Khartoum#
Suriname#SR#
Svalbard and Jan Mayan#SJ#
Swaziland#SZ#
Sweden#University of Upsala#Alnarp#Chalmers University of Technology#Umea University#Stockholm University#Swedish University of Agricultural Sciences#Uppsala#Lund University#Upsala#University of Gothenburg#Uppsala University#Linkoping University#Karolinska Institute#SE#Royal Institute of Technology#
Swiss#Lausanne#
Switzerland#Université de Genève#Zürich#University of Fribourg#University of Zürich#Linköping University#Schweitz#Universite de Gen#Institute of Physiology and Zürich Center for Integrative Human Physiology#University of Zurich#University of Basel#Lausanne#Epalinges#CH#Villigen PSI#University of Freiburg#Swiss Federal Institute of Technology Zurich#ETH Zürich#University of Geneva#GenevaBasel#Zurich#University of Lausanne#University of Lucerne#Basel University Hospital#Laboratory of Ecohydrology#Swiss Federal Institute of Technology of Lausanne#University of Bern#Geneva#
Syria#SY#
Taiwan#Institute of Biomedical Sciences#CN#Taipei#Academia Sinica#
Tajikistan#TJ#
Tanzania#TZ#
Thailand#TH#
The Federal Democratic Republic of Ethiopia##
The Hellenic Republic#Athens#
Togo#TG#
Tokelau#TK#
Tonga#TO#
Trinidad##
Trinidad and Tobago#TT#
Tunisia#
Turkey#Koc University#Hacettepe University#Istanbul#TR#Bogazici University#Istanbul University#Bilkent University#
Turkmenistan#TM#
Turks audacious Islands#TC#
Tuvalu#
Uganda#Kampala#
Ukraine#Lva Tolstogo#
United Arab Emirates#
United Kingdom#Goldsmiths#Rotherham#Worcs.#University of Reading#University of Hull#Yorkshire#University of Camebridge#Heriot-Watt University#Silsoe, Beds#Hull#Wilts.#The University of Sheffield#Plymouth University#Hertfordshire#University College of Swansea#Egham, Surrey#Queen Mary, U. of London#University of Bath#University of Southampton#University of Surrey#GB#Royal Holloway, U. of London#Northampton College#U.K#England#The University of Edinburgh#Bradford Institute of Technology#Durham#Manchester#Royal Holloway College#The University of Glasgow#University of Stirling#University of Nottingham#Royal School of Mines#Midlothian#Wembley#Swansea#University of Dundee#University of Aberdeen#Aldermaston#University of Bristol#Leeds#London School of Hygiene and Tropical Medicine#London#University of Leicester#Ware#Birkbeck, University of London#University of Manchester#Staffordshire#University of New Hampshire#University of Liverpool#Cambridge#Castleford#Hadassah#Imperial Chemical Industries Limited#Essex#University of East Anglia#UK#Oxford Brookes University#Doncaster#University of Oxford#Queen's University Belfast#University of St Andrews#U.K.#Belfast#University of Warwick#London School of Economics and Political Science#Ely#The University of Reading#Ambleside#The Imperial College of Science, Technology and Medicine#British Museum#Westmorland#The University, Sheffield#The Open University#Armadale#Hickson''s Timber Impregnation Co.#University of Exeter#Bangor University#Buckinghamshire#University College London#Bradford#University of York#Dunbartonshire#Brunel University#The University of Dundee#Swansea Univ#University of Bradford#Surrey#Christie Hospital and Holt Radium Institute#Birmingham#ICI Fibres Ltd#University of Sussex#The University of Manchester#Aberystwyth, University of Wales#Aylesbury#Robert Hooke Institute#Moorgate#Lancaster University#Glasgow#School of Oriental and African Studies#University of Hertfordshire#University of Strathclyde#University Of Central Lancashire#Keble College#Oxford#The University, St. Andrews#Malvern#Cardiff University#University of Birmingham#Reading#University of Durham#Public Health Laboratory#Newcastle University#Harrogate#Bangor#University of Essex#Bristol#University of Leeds#Fort Halstead#Taunton#University College of North Wales#Hadassah University Hospital#Porton Down#British Museum (Natural History)#University of Cambridge#King's College London#Cambridge#ENGLAND#Bartholomew''s Hospital#Herts#Christie Hospital#Molecular Biophysics Unit, Unilever Research Laboratory#Cambridge CB2 2QH#MRC Laboratory of Molecular Biology#Manchester#Royal Cancer Hospital#London#Radiobiological Research Unit#Harwell, Didcot, Berkshire#UK#John Innes Centre#
United States of United States Minor outlying Islands#UM#
Uruguay#
Uzbekistan#
Vanuatu#
Vatican#
Venezuela#Maracaibo#
Viet Nam#Vietnam#
Vietnam#Hanoi#
Virgin Islands British#
Virgin Islands US#
Wales#Formerly University of Wales#
Wallis and Futuna#WF#
Western Sahara#EH#
Yemen#
Yemensui#
Yugoslavia#
Zambia#
Zimbabwe#